﻿번호,뉴스 제목
1,"'30일 휴전안'에 러 선긋기?…""우리 입장은 합의가 아닌 우리가"""
2,'황사 발원지' 중국 주요 사막에 거대 모래폭풍…온통 주황색 세상 外[이슈5]
3,"미국의 '철강 관세' 맞은 EU, 41조원 관세로 '맞불'"
4,백악관서 시승 후 즉석구매… 트럼프 '테슬라 밀어주기'
5,"백악관 ""캐나다 철강·알루미늄 '추가관세 25%' 발효 안 될 것"""
6,"트럼프 지지했는데?…""미국 저소득층, 관세 쇼크 직격탄"""
7,"美, 中과 군함격차 벌어지는데 조선업 낙후…""韓 투자 유치해야"""
8,"한우협회 ""30개월령 이상 美 소고기 수입 반대"""
9,"""교황 병세 호전...대화 나누고 기분도 좋아져"""
10,“철권통치 스트롱맨 공동주방 신세”...6525명 목숨 빼앗은 두테르테 ICC압송
11,'푸틴 칭송' 루마니아 친러·극우 대선후보 재출마 결국 무산
12,"'30일 휴전안' 러시아의 선택은… 루비오 美 국무장관 ""거부하면 매우 유감"""
13,유럽 평화유지군 탄력붙을까…美안전장치·러 반대 한계
14,“우리가 뭐가 아쉬워서”...벌써부터 휴전 불가론 내세우는 러시아 여론
15,"미 국무장관, 러시아에 '30일 휴전안' 수용 촉구…""적대행위 끝내라"""
16,"美국무, 러에 30일 휴전안 수용 촉구…""거부하면 매우 유감"""
17,두테르테 전 대통령 ICC 재판 “30년형 받을 수도”…‘재판 관할권’ 문제가 변수
18,'30일 휴전안' 공 넘겨받은 러 즉답 않고 시간 벌기
19,"캐나다, 美에 ‘맞불 관세’···30조원 규모 미국상품에 관세 발표 예정"
20,"미 국무 ""러시아가 예스할 차례""…30일 휴전안 수용 압박"
21,"“캐나다 우리의 51번째 주가 돼라” 트럼프, 진지해진 캐나다 향한 러브콜"
22,"캐나다, 30조원 규모 미국상품에 맞불관세 발표 예정"
23,하루아침에 해고된 미 교육부 직원 1300여명
24,"우크라, 미 군사 지원받고 ‘30일 휴전’ 합의…공은 러시아로"
25,美 우크라 군사원조 중단 해제 하루만에 우크라로 美무기 유입 재개
26,"美업계 ""30개월 이상 소고기 수입해야""...상호관세 빌미 되나"
27,안 만날 줄 알았더니…드디어 얼굴 마주하는 트럼프와 나토 수장
28,"자전거 타는 中휴머노이드로봇…""사람 감정에 반응""(종합)"
29,"러시아 ""미국과 며칠 내 접촉할 것""‥트럼프·푸틴 곧 통화할 수도"
30,더 심해진 트럼프 ‘관세 변덕’…“캐나다 철강에 50%” 6시간 뒤 철회
31,"""TSMC, 엔비디아·퀄컴 등에 인텔 파운드리 공동 투자 제안"""
32,"대접받는 푸틴, 응답할까…3년 전쟁 ‘휴전안’ 공은 러시아로"
33,"""핍박받는 애국자"" 머스크 감싸고…""큰 호황"" 말 바꾸기"
34,트럼프의 머스크 구하기… 테슬라 구입·시승 쇼
35,“꽉 막혀 난리났다” 변기 12개 중 8개에 봉지·옷…여객기 ‘황당 회항’
36,"미-우크라 '30일 휴전' 합의에 말 아끼는 러시아…""푸틴 거부할 듯"""
37,"美 축산업계, 韓 소고기 수입 제한 철폐 요구…상호 관세 빌미 삼을 우려"
38,미국이 힘으로 밀어붙인 '러-우크라 휴전'
39,"""대만 TSMC, 美 엔비디아 등에 '인텔 파운드리' 합작투자 제안"""
40,캐나다 “25% 전기 할증 잠정 중단”…미국 “추가 관세 발효 안 될 것”
41,그린란드 총선 '독립 신중' 정당 1위…트럼프 두려움 표출(종합2보)
42,미군 연료수송 유조선과 충돌 심각한 환경오염 우려부른 화물선 선장은 러人
43,“30개월 이상 소고기 금지는 무역 장벽”…한국도 ‘관세 전쟁’ 속으로
44,"폭스바겐 군용차 만드나…""방위산업 진출 검토"""
45,"""독립 논의 급물살 그린란드 총선, ‘당장 독립 원치 않는’ 야당 승리"""
46,"‘잊고 있던’ 日 원전 오염수, 오늘도 바다로…“올해 5만 4600t 방류” [핫이슈]"
